subject,session,parcellation,simplex,task_configuration,zscore_scope,feature_removal_criterion,dim_reduction_type,mapper_auto_tune,mapper_metric,mapper_param_nums_k,mapper_param_res_vals,mapper_param_gain_vals,mapper_param_nums_bin_cluster,mapper_stat_modularity,mapper_num_nodes,mapper_num_edges,pca_num_features,pca_explained_variance,timestamp
101915,LR,schaefer100x7,triangle,rest_5min_and_tasks,each_task,rest_and_all_tasks,none,1,correlation,48,8,50,10,0.304764509142533,675,7051,161700,1,01-Apr-2026 05:46:38
102008,LR,schaefer100x7,triangle,rest_5min_and_tasks,each_task,rest_and_all_tasks,none,1,correlation,47,8,50,10,0.170573844610181,583,6121,161700,1,01-Apr-2026 05:46:42
100307,LR,schaefer100x7,triangle,rest_5min_and_tasks,each_task,rest_and_all_tasks,none,1,correlation,48,8,50,10,0.439531254639413,963,9372,161700,1,01-Apr-2026 05:47:04
100408,LR,schaefer100x7,triangle,rest_5min_and_tasks,each_task,rest_and_all_tasks,none,1,correlation,48,9,50,10,0.326621498071908,755,8257,161700,1,01-Apr-2026 05:47:21
101006,LR,schaefer100x7,triangle,rest_5min_and_tasks,each_task,rest_and_all_tasks,none,1,correlation,48,9,50,10,0.37198032161869,747,7753,161700,1,01-Apr-2026 05:47:19
100206,LR,schaefer100x7,triangle,rest_5min_and_tasks,each_task,rest_and_all_tasks,none,1,correlation,48,9,50,10,0.3595029182365,1163,12300,161700,1,01-Apr-2026 05:48:29
101309,LR,schaefer100x7,triangle,rest_5min_and_tasks,each_task,rest_and_all_tasks,none,1,correlation,48,9,50,10,0.437450292498106,945,9819,161700,1,01-Apr-2026 05:49:01
100610,LR,schaefer100x7,triangle,rest_5min_and_tasks,each_task,rest_and_all_tasks,none,1,correlation,48,9,50,10,0.360085794801205,987,9824,161700,1,01-Apr-2026 05:49:29
102109,LR,schaefer100x7,triangle,rest_5min_and_tasks,each_task,rest_and_all_tasks,none,1,correlation,48,8,50,10,0.379248915763245,810,7948,161700,1,01-Apr-2026 05:49:34
101107,LR,schaefer100x7,triangle,rest_5min_and_tasks,each_task,rest_and_all_tasks,none,1,correlation,47,9,50,10,0.454930510092925,1024,9442,161700,1,01-Apr-2026 05:50:39
102311,LR,schaefer100x7,triangle,rest_5min_and_tasks,each_task,rest_and_all_tasks,none,1,correlation,48,9,50,10,0.302329164109546,675,7348,161700,1,01-Apr-2026 05:50:59
102816,LR,schaefer100x7,triangle,rest_5min_and_tasks,each_task,rest_and_all_tasks,none,1,correlation,47,9,50,10,0.287187087098095,646,7059,161700,1,01-Apr-2026 05:53:50
103515,LR,schaefer100x7,triangle,rest_5min_and_tasks,each_task,rest_and_all_tasks,none,1,correlation,47,9,50,10,0.230664740350369,841,9181,161700,1,01-Apr-2026 05:54:40
103818,LR,schaefer100x7,triangle,rest_5min_and_tasks,each_task,rest_and_all_tasks,none,1,correlation,48,8,50,10,0.286118500288832,918,9389,161700,1,01-Apr-2026 05:54:46
102513,LR,schaefer100x7,triangle,rest_5min_and_tasks,each_task,rest_and_all_tasks,none,1,correlation,48,9,50,10,0.573003420969265,1148,11171,161700,1,01-Apr-2026 05:55:44
102614,LR,schaefer100x7,triangle,rest_5min_and_tasks,each_task,rest_and_all_tasks,none,1,correlation,48,10,50,10,0.43360957424272,1243,12419,161700,1,01-Apr-2026 05:55:54
103212,LR,schaefer100x7,triangle,rest_5min_and_tasks,each_task,rest_and_all_tasks,none,1,correlation,48,9,50,10,0.340604609845619,954,10018,161700,1,01-Apr-2026 05:55:57
104416,LR,schaefer100x7,triangle,rest_5min_and_tasks,each_task,rest_and_all_tasks,none,1,correlation,48,9,50,10,0.40282546537293,813,7910,161700,1,01-Apr-2026 05:57:17
104012,LR,schaefer100x7,triangle,rest_5min_and_tasks,each_task,rest_and_all_tasks,none,1,correlation,48,10,50,10,0.363441158224295,1214,11905,161700,1,01-Apr-2026 05:58:00
103111,LR,schaefer100x7,triangle,rest_5min_and_tasks,each_task,rest_and_all_tasks,none,1,correlation,48,9,50,10,0.486967251069993,1099,11196,161700,1,01-Apr-2026 05:58:08
105014,LR,schaefer100x7,triangle,rest_5min_and_tasks,each_task,rest_and_all_tasks,none,1,correlation,48,8,50,10,0.240954874956497,509,5338,161700,1,01-Apr-2026 05:59:50
105115,LR,schaefer100x7,triangle,rest_5min_and_tasks,each_task,rest_and_all_tasks,none,1,correlation,48,9,50,10,0.370884124930275,1038,10425,161700,1,01-Apr-2026 06:00:06
107725,LR,schaefer100x7,triangle,rest_5min_and_tasks,each_task,rest_and_all_tasks,none,1,correlation,47,9,50,10,0.31211667235845,569,6050,161700,1,01-Apr-2026 06:01:35
106521,LR,schaefer100x7,triangle,rest_5min_and_tasks,each_task,rest_and_all_tasks,none,1,correlation,48,8,50,10,0.364491861861783,1022,10235,161700,1,01-Apr-2026 06:02:33
108121,LR,schaefer100x7,triangle,rest_5min_and_tasks,each_task,rest_and_all_tasks,none,1,correlation,45,9,50,10,0.186704608868224,453,4754,161700,1,01-Apr-2026 06:02:54
107422,LR,schaefer100x7,triangle,rest_5min_and_tasks,each_task,rest_and_all_tasks,none,1,correlation,48,9,50,10,0.324004739405719,887,9578,161700,1,01-Apr-2026 06:03:11
105216,LR,schaefer100x7,triangle,rest_5min_and_tasks,each_task,rest_and_all_tasks,none,1,correlation,48,9,50,10,0.445498943303011,1071,10513,161700,1,01-Apr-2026 06:03:22
105620,LR,schaefer100x7,triangle,rest_5min_and_tasks,each_task,rest_and_all_tasks,none,1,correlation,48,9,50,10,0.319341411039224,860,9139,161700,1,01-Apr-2026 06:03:36
108323,LR,schaefer100x7,triangle,rest_5min_and_tasks,each_task,rest_and_all_tasks,none,1,correlation,48,8,50,10,0.187077005239249,412,4741,161700,1,01-Apr-2026 06:04:00
107018,LR,schaefer100x7,triangle,rest_5min_and_tasks,each_task,rest_and_all_tasks,none,1,correlation,48,9,50,10,0.22521243540259,551,6339,161700,1,01-Apr-2026 06:04:13
105923,LR,schaefer100x7,triangle,rest_5min_and_tasks,each_task,rest_and_all_tasks,none,1,correlation,48,10,50,10,0.354508559920055,903,9281,161700,1,01-Apr-2026 06:04:22
106016,LR,schaefer100x7,triangle,rest_5min_and_tasks,each_task,rest_and_all_tasks,none,1,correlation,48,9,50,10,0.413373005048423,1154,11186,161700,1,01-Apr-2026 06:04:38
108525,LR,schaefer100x7,triangle,rest_5min_and_tasks,each_task,rest_and_all_tasks,none,1,correlation,47,9,50,10,0.358441619056987,818,8808,161700,1,01-Apr-2026 06:04:49
107321,LR,schaefer100x7,triangle,rest_5min_and_tasks,each_task,rest_and_all_tasks,none,1,correlation,48,8,50,10,0.415122847830294,780,7964,161700,1,01-Apr-2026 06:05:19
106824,LR,schaefer100x7,triangle,rest_5min_and_tasks,each_task,rest_and_all_tasks,none,1,correlation,48,9,50,10,0.386675640315216,1069,10936,161700,1,01-Apr-2026 06:07:35
109123,LR,schaefer100x7,triangle,rest_5min_and_tasks,each_task,rest_and_all_tasks,none,1,correlation,48,8,50,10,0.406298501335076,811,8354,161700,1,01-Apr-2026 06:09:21
108020,LR,schaefer100x7,triangle,rest_5min_and_tasks,each_task,rest_and_all_tasks,none,1,correlation,48,9,50,10,0.444901736819684,1182,11457,161700,1,01-Apr-2026 06:09:26
110411,LR,schaefer100x7,triangle,rest_5min_and_tasks,each_task,rest_and_all_tasks,none,1,correlation,48,8,50,10,0.355894606708216,908,9116,161700,1,01-Apr-2026 06:09:34
108828,LR,schaefer100x7,triangle,rest_5min_and_tasks,each_task,rest_and_all_tasks,none,1,correlation,48,9,50,10,0.435902479704925,894,8990,161700,1,01-Apr-2026 06:09:42
109325,LR,schaefer100x7,triangle,rest_5min_and_tasks,each_task,rest_and_all_tasks,none,1,correlation,48,9,50,10,0.345184426210242,676,6919,161700,1,01-Apr-2026 06:09:59
109830,LR,schaefer100x7,triangle,rest_5min_and_tasks,each_task,rest_and_all_tasks,none,1,correlation,48,9,50,10,0.405984704425253,836,9148,161700,1,01-Apr-2026 06:10:19
110007,LR,schaefer100x7,triangle,rest_5min_and_tasks,each_task,rest_and_all_tasks,none,1,correlation,48,8,50,10,0.297122015758336,1002,10579,161700,1,01-Apr-2026 06:10:48
111211,LR,schaefer100x7,triangle,rest_5min_and_tasks,each_task,rest_and_all_tasks,none,1,correlation,47,9,50,10,0.293741899338716,619,6787,161700,1,01-Apr-2026 06:10:51
110613,LR,schaefer100x7,triangle,rest_5min_and_tasks,each_task,rest_and_all_tasks,none,1,correlation,47,9,50,10,0.275464442140793,641,6931,161700,1,01-Apr-2026 06:11:41
111009,LR,schaefer100x7,triangle,rest_5min_and_tasks,each_task,rest_and_all_tasks,none,1,correlation,48,9,50,10,0.324724310637784,888,9551,161700,1,01-Apr-2026 06:12:07
111312,LR,schaefer100x7,triangle,rest_5min_and_tasks,each_task,rest_and_all_tasks,none,1,correlation,48,9,50,10,0.309608728756129,816,8904,161700,1,01-Apr-2026 06:12:29
113215,LR,schaefer100x7,triangle,rest_5min_and_tasks,each_task,rest_and_all_tasks,none,1,correlation,48,8,50,10,0.275854524853508,592,6396,161700,1,01-Apr-2026 06:14:02
112314,LR,schaefer100x7,triangle,rest_5min_and_tasks,each_task,rest_and_all_tasks,none,1,correlation,48,9,50,10,0.262617519236778,617,6626,161700,1,01-Apr-2026 06:14:17
113316,LR,schaefer100x7,triangle,rest_5min_and_tasks,each_task,rest_and_all_tasks,none,1,correlation,48,9,50,10,0.260456682089616,569,6079,161700,1,01-Apr-2026 06:14:22
111413,LR,schaefer100x7,triangle,rest_5min_and_tasks,each_task,rest_and_all_tasks,none,1,correlation,48,8,50,10,0.286262869461594,995,9888,161700,1,01-Apr-2026 06:14:32
112516,LR,schaefer100x7,triangle,rest_5min_and_tasks,each_task,rest_and_all_tasks,none,1,correlation,48,9,50,10,0.316554004803049,691,7471,161700,1,01-Apr-2026 06:15:11
112112,LR,schaefer100x7,triangle,rest_5min_and_tasks,each_task,rest_and_all_tasks,none,1,correlation,48,9,50,10,0.356502194806385,928,9649,161700,1,01-Apr-2026 06:15:45
111716,LR,schaefer100x7,triangle,rest_5min_and_tasks,each_task,rest_and_all_tasks,none,1,correlation,48,9,50,10,0.306209684318044,837,8850,161700,1,01-Apr-2026 06:15:52
114318,LR,schaefer100x7,triangle,rest_5min_and_tasks,each_task,rest_and_all_tasks,none,1,correlation,48,8,50,10,0.15938565281718,446,5098,161700,1,01-Apr-2026 06:17:14
114924,LR,schaefer100x7,triangle,rest_5min_and_tasks,each_task,rest_and_all_tasks,none,1,correlation,46,9,50,10,0.227639055534314,692,7155,161700,1,01-Apr-2026 06:17:44
112920,LR,schaefer100x7,triangle,rest_5min_and_tasks,each_task,rest_and_all_tasks,none,1,correlation,48,9,50,10,0.511343934198874,1159,10414,161700,1,01-Apr-2026 06:17:47
114419,LR,schaefer100x7,triangle,rest_5min_and_tasks,each_task,rest_and_all_tasks,none,1,correlation,48,8,50,10,0.258725961199126,636,6915,161700,1,01-Apr-2026 06:18:01
114217,LR,schaefer100x7,triangle,rest_5min_and_tasks,each_task,rest_and_all_tasks,none,1,correlation,48,8,50,10,0.322747739240276,763,8163,161700,1,01-Apr-2026 06:18:52
115219,LR,schaefer100x7,triangle,rest_5min_and_tasks,each_task,rest_and_all_tasks,none,1,correlation,47,9,50,10,0.241081164261357,546,5926,161700,1,01-Apr-2026 06:18:54
114823,LR,schaefer100x7,triangle,rest_5min_and_tasks,each_task,rest_and_all_tasks,none,1,correlation,48,8,50,10,0.465370242460234,1068,10131,161700,1,01-Apr-2026 06:19:55
113922,LR,schaefer100x7,triangle,rest_5min_and_tasks,each_task,rest_and_all_tasks,none,1,correlation,48,10,50,10,0.387661443652527,1024,11182,161700,1,01-Apr-2026 06:20:14
115320,LR,schaefer100x7,triangle,rest_5min_and_tasks,each_task,rest_and_all_tasks,none,1,correlation,48,9,50,10,0.311623486333048,662,7303,161700,1,01-Apr-2026 06:20:21
115017,LR,schaefer100x7,triangle,rest_5min_and_tasks,each_task,rest_and_all_tasks,none,1,correlation,47,9,50,10,0.270983954706838,696,7349,161700,1,01-Apr-2026 06:20:52
116524,LR,schaefer100x7,triangle,rest_5min_and_tasks,each_task,rest_and_all_tasks,none,1,correlation,46,9,50,10,0.324485313865078,718,7583,161700,1,01-Apr-2026 06:21:23
115825,LR,schaefer100x7,triangle,rest_5min_and_tasks,each_task,rest_and_all_tasks,none,1,correlation,48,9,50,10,0.356230150867946,804,8498,161700,1,01-Apr-2026 06:22:37
116726,LR,schaefer100x7,triangle,rest_5min_and_tasks,each_task,rest_and_all_tasks,none,1,correlation,48,9,50,10,0.352023903685888,904,9263,161700,1,01-Apr-2026 06:23:19
117021,LR,schaefer100x7,triangle,rest_5min_and_tasks,each_task,rest_and_all_tasks,none,1,correlation,48,9,50,10,0.343428441217426,857,9065,161700,1,01-Apr-2026 06:23:58
114621,LR,schaefer100x7,triangle,rest_5min_and_tasks,each_task,rest_and_all_tasks,none,1,correlation,48,8,50,10,0.656930120854245,1591,12622,161700,1,01-Apr-2026 06:24:59
117930,LR,schaefer100x7,triangle,rest_5min_and_tasks,each_task,rest_and_all_tasks,none,1,correlation,48,8,50,10,0.286478871117953,618,6498,161700,1,01-Apr-2026 06:25:21
118831,LR,schaefer100x7,triangle,rest_5min_and_tasks,each_task,rest_and_all_tasks,none,1,correlation,48,9,50,10,0.228618438951648,732,7764,161700,1,01-Apr-2026 06:26:06
119025,LR,schaefer100x7,triangle,rest_5min_and_tasks,each_task,rest_and_all_tasks,none,1,correlation,48,8,50,10,0.216879443166395,498,5507,161700,1,01-Apr-2026 06:26:46
117122,LR,schaefer100x7,triangle,rest_5min_and_tasks,each_task,rest_and_all_tasks,none,1,correlation,48,9,50,10,0.44805235865204,1150,10922,161700,1,01-Apr-2026 06:26:46
118932,LR,schaefer100x7,triangle,rest_5min_and_tasks,each_task,rest_and_all_tasks,none,1,correlation,48,9,50,10,0.477785550196294,1265,12048,161700,1,01-Apr-2026 06:27:00
117324,LR,schaefer100x7,triangle,rest_5min_and_tasks,each_task,rest_and_all_tasks,none,1,correlation,48,9,50,10,0.381173202847207,1068,11255,161700,1,01-Apr-2026 06:27:10
118730,LR,schaefer100x7,triangle,rest_5min_and_tasks,each_task,rest_and_all_tasks,none,1,correlation,48,9,50,10,0.37872499817759,700,7427,161700,1,01-Apr-2026 06:27:18
118528,LR,schaefer100x7,triangle,rest_5min_and_tasks,each_task,rest_and_all_tasks,none,1,correlation,48,9,50,10,0.459823809809284,1074,10578,161700,1,01-Apr-2026 06:27:50
120515,LR,schaefer100x7,triangle,rest_5min_and_tasks,each_task,rest_and_all_tasks,none,1,correlation,48,9,50,10,0.38766838335718,816,8928,161700,1,01-Apr-2026 06:28:23
120414,LR,schaefer100x7,triangle,rest_5min_and_tasks,each_task,rest_and_all_tasks,none,1,correlation,48,9,50,10,0.282538978167417,901,9491,161700,1,01-Apr-2026 06:28:24
120212,LR,schaefer100x7,triangle,rest_5min_and_tasks,each_task,rest_and_all_tasks,none,1,correlation,48,8,50,10,0.390291434877311,798,8283,161700,1,01-Apr-2026 06:28:53
121618,LR,schaefer100x7,triangle,rest_5min_and_tasks,each_task,rest_and_all_tasks,none,1,correlation,48,8,50,10,0.415649930991906,816,8426,161700,1,01-Apr-2026 06:29:05
120717,LR,schaefer100x7,triangle,rest_5min_and_tasks,each_task,rest_and_all_tasks,none,1,correlation,48,9,50,10,0.27307759709971,648,7275,161700,1,01-Apr-2026 06:29:09
121921,LR,schaefer100x7,triangle,rest_5min_and_tasks,each_task,rest_and_all_tasks,none,1,correlation,47,9,50,10,0.240454019372274,712,7563,161700,1,01-Apr-2026 06:29:29
122317,LR,schaefer100x7,triangle,rest_5min_and_tasks,each_task,rest_and_all_tasks,none,1,correlation,48,9,50,10,0.261982272736563,672,7712,161700,1,01-Apr-2026 06:30:59
119126,LR,schaefer100x7,triangle,rest_5min_and_tasks,each_task,rest_and_all_tasks,none,1,correlation,48,9,50,10,0.583316389110776,1485,12946,161700,1,01-Apr-2026 06:31:20
124220,LR,schaefer100x7,triangle,rest_5min_and_tasks,each_task,rest_and_all_tasks,none,1,correlation,43,8,50,10,0.0607811723679756,409,4198,161700,1,01-Apr-2026 06:32:05
122822,LR,schaefer100x7,triangle,rest_5min_and_tasks,each_task,rest_and_all_tasks,none,1,correlation,48,8,50,10,0.318590846114892,632,7149,161700,1,01-Apr-2026 06:33:04
121416,LR,schaefer100x7,triangle,rest_5min_and_tasks,each_task,rest_and_all_tasks,none,1,correlation,48,9,50,10,0.549871029420611,1153,10276,161700,1,01-Apr-2026 06:33:05
123420,LR,schaefer100x7,triangle,rest_5min_and_tasks,each_task,rest_and_all_tasks,none,1,correlation,47,9,50,10,0.20221225034366,530,5877,161700,1,01-Apr-2026 06:33:20
123117,LR,schaefer100x7,triangle,rest_5min_and_tasks,each_task,rest_and_all_tasks,none,1,correlation,47,9,50,10,0.328492922405094,767,8434,161700,1,01-Apr-2026 06:33:24
123824,LR,schaefer100x7,triangle,rest_5min_and_tasks,each_task,rest_and_all_tasks,none,1,correlation,45,9,50,10,0.160985698950761,479,5139,161700,1,01-Apr-2026 06:33:30
123521,LR,schaefer100x7,triangle,rest_5min_and_tasks,each_task,rest_and_all_tasks,none,1,correlation,48,9,50,10,0.28309878163251,806,8659,161700,1,01-Apr-2026 06:34:04
123723,LR,schaefer100x7,triangle,rest_5min_and_tasks,each_task,rest_and_all_tasks,none,1,correlation,47,9,50,10,0.190260173975368,495,5515,161700,1,01-Apr-2026 06:35:42
123925,LR,schaefer100x7,triangle,rest_5min_and_tasks,each_task,rest_and_all_tasks,none,1,correlation,48,9,50,10,0.20685114687952,676,7550,161700,1,01-Apr-2026 06:36:05
125222,LR,schaefer100x7,triangle,rest_5min_and_tasks,each_task,rest_and_all_tasks,none,1,correlation,48,9,50,10,0.234996119918321,700,7476,161700,1,01-Apr-2026 06:36:11
125525,LR,schaefer100x7,triangle,rest_5min_and_tasks,each_task,rest_and_all_tasks,none,1,correlation,48,9,50,10,0.378717062681348,869,9448,161700,1,01-Apr-2026 06:37:19
126325,LR,schaefer100x7,triangle,rest_5min_and_tasks,each_task,rest_and_all_tasks,none,1,correlation,48,8,50,10,0.413887592124509,775,7753,161700,1,01-Apr-2026 06:37:36
122620,LR,schaefer100x7,triangle,rest_5min_and_tasks,each_task,rest_and_all_tasks,none,1,correlation,48,9,50,10,0.443828222224262,986,10078,161700,1,01-Apr-2026 06:37:40
127327,LR,schaefer100x7,triangle,rest_5min_and_tasks,each_task,rest_and_all_tasks,none,1,correlation,47,8,50,10,0.218365213575866,462,5064,161700,1,01-Apr-2026 06:38:56
126426,LR,schaefer100x7,triangle,rest_5min_and_tasks,each_task,rest_and_all_tasks,none,1,correlation,47,8,50,10,0.440552323126094,881,8372,161700,1,01-Apr-2026 06:38:58
126628,LR,schaefer100x7,triangle,rest_5min_and_tasks,each_task,rest_and_all_tasks,none,1,correlation,47,9,50,10,0.191076675030884,445,5004,161700,1,01-Apr-2026 06:39:40
128026,LR,schaefer100x7,triangle,rest_5min_and_tasks,each_task,rest_and_all_tasks,none,1,correlation,48,8,50,10,0.18700588738048,449,5016,161700,1,01-Apr-2026 06:40:29
127630,LR,schaefer100x7,triangle,rest_5min_and_tasks,each_task,rest_and_all_tasks,none,1,correlation,48,8,50,10,0.273458974294323,612,6809,161700,1,01-Apr-2026 06:40:39
127832,LR,schaefer100x7,triangle,rest_5min_and_tasks,each_task,rest_and_all_tasks,none,1,correlation,48,9,50,10,0.337526228990271,791,8372,161700,1,01-Apr-2026 06:41:42
127933,LR,schaefer100x7,triangle,rest_5min_and_tasks,each_task,rest_and_all_tasks,none,1,correlation,48,9,50,10,0.401576414302038,842,8738,161700,1,01-Apr-2026 06:42:08
128127,LR,schaefer100x7,triangle,rest_5min_and_tasks,each_task,rest_and_all_tasks,none,1,correlation,48,9,50,10,0.284811749042474,695,7681,161700,1,01-Apr-2026 06:43:21
128935,LR,schaefer100x7,triangle,rest_5min_and_tasks,each_task,rest_and_all_tasks,none,1,correlation,47,9,50,10,0.29364486517282,881,9251,161700,1,01-Apr-2026 06:44:02
129634,LR,schaefer100x7,triangle,rest_5min_and_tasks,each_task,rest_and_all_tasks,none,1,correlation,48,8,50,10,0.327530421254562,818,7591,161700,1,01-Apr-2026 06:44:09
129331,LR,schaefer100x7,triangle,rest_5min_and_tasks,each_task,rest_and_all_tasks,none,1,correlation,48,9,50,10,0.215005627950996,741,8157,161700,1,01-Apr-2026 06:44:39
130316,LR,schaefer100x7,triangle,rest_5min_and_tasks,each_task,rest_and_all_tasks,none,1,correlation,47,9,50,10,0.253132750602044,540,5737,161700,1,01-Apr-2026 06:44:45
128632,LR,schaefer100x7,triangle,rest_5min_and_tasks,each_task,rest_and_all_tasks,none,1,correlation,48,8,50,10,0.466204408859711,968,9093,161700,1,01-Apr-2026 06:45:30
130518,LR,schaefer100x7,triangle,rest_5min_and_tasks,each_task,rest_and_all_tasks,none,1,correlation,46,10,50,10,0.33317888191949,567,5986,161700,1,01-Apr-2026 06:46:28
130417,LR,schaefer100x7,triangle,rest_5min_and_tasks,each_task,rest_and_all_tasks,none,1,correlation,48,10,50,10,0.279547981469471,795,8676,161700,1,01-Apr-2026 06:47:17
129028,LR,schaefer100x7,triangle,rest_5min_and_tasks,each_task,rest_and_all_tasks,none,1,correlation,48,8,50,10,0.576726884967366,1372,11706,161700,1,01-Apr-2026 06:48:02
130619,LR,schaefer100x7,triangle,rest_5min_and_tasks,each_task,rest_and_all_tasks,none,1,correlation,48,9,50,10,0.304005955531529,766,8413,161700,1,01-Apr-2026 06:48:27
130114,LR,schaefer100x7,triangle,rest_5min_and_tasks,each_task,rest_and_all_tasks,none,1,correlation,48,9,50,10,0.539501556854505,1124,11253,161700,1,01-Apr-2026 06:48:34
131217,LR,schaefer100x7,triangle,rest_5min_and_tasks,each_task,rest_and_all_tasks,none,1,correlation,48,8,50,10,0.25322212970467,645,7029,161700,1,01-Apr-2026 06:48:43
130720,LR,schaefer100x7,triangle,rest_5min_and_tasks,each_task,rest_and_all_tasks,none,1,correlation,48,9,50,10,0.318372509790532,575,6176,161700,1,01-Apr-2026 06:49:02
131419,LR,schaefer100x7,triangle,rest_5min_and_tasks,each_task,rest_and_all_tasks,none,1,correlation,48,8,50,10,0.385675378713554,850,8533,161700,1,01-Apr-2026 06:49:19
132017,LR,schaefer100x7,triangle,rest_5min_and_tasks,each_task,rest_and_all_tasks,none,1,correlation,48,9,50,10,0.268839189656019,631,6961,161700,1,01-Apr-2026 06:49:34
131823,LR,schaefer100x7,triangle,rest_5min_and_tasks,each_task,rest_and_all_tasks,none,1,correlation,48,9,50,10,0.281456340192042,623,6750,161700,1,01-Apr-2026 06:49:44
131722,LR,schaefer100x7,triangle,rest_5min_and_tasks,each_task,rest_and_all_tasks,none,1,correlation,48,9,50,10,0.322304808480862,821,9188,161700,1,01-Apr-2026 06:49:47
133019,LR,schaefer100x7,triangle,rest_5min_and_tasks,each_task,rest_and_all_tasks,none,1,correlation,48,9,50,10,0.292577636312392,697,7720,161700,1,01-Apr-2026 06:53:47
134324,LR,schaefer100x7,triangle,rest_5min_and_tasks,each_task,rest_and_all_tasks,none,1,correlation,47,9,50,10,0.287876399373264,532,5607,161700,1,01-Apr-2026 06:53:59
133827,LR,schaefer100x7,triangle,rest_5min_and_tasks,each_task,rest_and_all_tasks,none,1,correlation,48,10,50,10,0.463818529713184,1206,12954,161700,1,01-Apr-2026 06:54:47
134223,LR,schaefer100x7,triangle,rest_5min_and_tasks,each_task,rest_and_all_tasks,none,1,correlation,48,9,50,10,0.360755623627573,736,7654,161700,1,01-Apr-2026 06:55:07
134021,LR,schaefer100x7,triangle,rest_5min_and_tasks,each_task,rest_and_all_tasks,none,1,correlation,48,9,50,10,0.4142595601166,1094,10654,161700,1,01-Apr-2026 06:55:15
134829,LR,schaefer100x7,triangle,rest_5min_and_tasks,each_task,rest_and_all_tasks,none,1,correlation,48,11,50,10,0.374055599290497,842,8960,161700,1,01-Apr-2026 06:55:18
135225,LR,schaefer100x7,triangle,rest_5min_and_tasks,each_task,rest_and_all_tasks,none,1,correlation,48,9,50,10,0.324049762420544,738,8278,161700,1,01-Apr-2026 06:55:20
133928,LR,schaefer100x7,triangle,rest_5min_and_tasks,each_task,rest_and_all_tasks,none,1,correlation,48,9,50,10,0.709023206939987,1490,12236,161700,1,01-Apr-2026 06:55:40
135124,LR,schaefer100x7,triangle,rest_5min_and_tasks,each_task,rest_and_all_tasks,none,1,correlation,48,9,50,10,0.417820861951833,921,9555,161700,1,01-Apr-2026 06:55:55
136631,LR,schaefer100x7,triangle,rest_5min_and_tasks,each_task,rest_and_all_tasks,none,1,correlation,48,8,50,10,0.250943000376016,466,5128,161700,1,01-Apr-2026 06:56:20
135629,LR,schaefer100x7,triangle,rest_5min_and_tasks,each_task,rest_and_all_tasks,none,1,correlation,48,9,50,10,0.280668936694207,626,6833,161700,1,01-Apr-2026 06:57:08
137027,LR,schaefer100x7,triangle,rest_5min_and_tasks,each_task,rest_and_all_tasks,none,1,correlation,48,9,50,10,0.401025034945355,725,7601,161700,1,01-Apr-2026 06:57:12
136227,LR,schaefer100x7,triangle,rest_5min_and_tasks,each_task,rest_and_all_tasks,none,1,correlation,48,9,50,10,0.303078687313303,550,6394,161700,1,01-Apr-2026 06:57:19
137229,LR,schaefer100x7,triangle,rest_5min_and_tasks,each_task,rest_and_all_tasks,none,1,correlation,48,8,50,10,0.378617477987601,971,9437,161700,1,01-Apr-2026 06:58:30
136833,LR,schaefer100x7,triangle,rest_5min_and_tasks,each_task,rest_and_all_tasks,none,1,correlation,48,8,50,10,0.454848737980769,1175,10400,161700,1,01-Apr-2026 06:59:34
137532,LR,schaefer100x7,triangle,rest_5min_and_tasks,each_task,rest_and_all_tasks,none,1,correlation,48,8,50,10,0.327755919602732,972,9818,161700,1,01-Apr-2026 07:00:37
135528,LR,schaefer100x7,triangle,rest_5min_and_tasks,each_task,rest_and_all_tasks,none,1,correlation,48,8,50,10,0.635203329805193,1264,10703,161700,1,01-Apr-2026 07:00:50
139233,LR,schaefer100x7,triangle,rest_5min_and_tasks,each_task,rest_and_all_tasks,none,1,correlation,48,9,50,10,0.26882067878278,655,7102,161700,1,01-Apr-2026 07:02:27
138534,LR,schaefer100x7,triangle,rest_5min_and_tasks,each_task,rest_and_all_tasks,none,1,correlation,48,8,50,10,0.432702957280919,980,9152,161700,1,01-Apr-2026 07:02:34
140319,LR,schaefer100x7,triangle,rest_5min_and_tasks,each_task,rest_and_all_tasks,none,1,correlation,47,8,50,10,0.166291700883898,513,5622,161700,1,01-Apr-2026 07:02:59
140925,LR,schaefer100x7,triangle,rest_5min_and_tasks,each_task,rest_and_all_tasks,none,1,correlation,46,9,50,10,0.126340045732039,579,6168,161700,1,01-Apr-2026 07:03:52
139435,LR,schaefer100x7,triangle,rest_5min_and_tasks,each_task,rest_and_all_tasks,none,1,correlation,48,8,50,10,0.299096287145584,604,6293,161700,1,01-Apr-2026 07:04:00
138332,LR,schaefer100x7,triangle,rest_5min_and_tasks,each_task,rest_and_all_tasks,none,1,correlation,48,9,50,10,0.357692396526018,768,8131,161700,1,01-Apr-2026 07:04:16
138837,LR,schaefer100x7,triangle,rest_5min_and_tasks,each_task,rest_and_all_tasks,none,1,correlation,48,9,50,10,0.472049983846408,1205,10771,161700,1,01-Apr-2026 07:04:33
138130,LR,schaefer100x7,triangle,rest_5min_and_tasks,each_task,rest_and_all_tasks,none,1,correlation,48,9,50,10,0.369797151320366,900,8939,161700,1,01-Apr-2026 07:04:46
144832,LR,schaefer100x7,triangle,rest_5min_and_tasks,each_task,rest_and_all_tasks,none,1,correlation,47,8,50,10,0.276273287148237,863,8987,161700,1,01-Apr-2026 07:05:05
143224,LR,schaefer100x7,triangle,rest_5min_and_tasks,each_task,rest_and_all_tasks,none,1,correlation,48,10,50,10,0.388388842817598,985,10567,161700,1,01-Apr-2026 07:06:45
139839,LR,schaefer100x7,triangle,rest_5min_and_tasks,each_task,rest_and_all_tasks,none,1,correlation,48,9,50,10,0.378976595875742,965,10052,161700,1,01-Apr-2026 07:06:48
145632,LR,schaefer100x7,triangle,rest_5min_and_tasks,each_task,rest_and_all_tasks,none,1,correlation,48,9,50,10,0.282261785984552,674,7338,161700,1,01-Apr-2026 07:06:53
139637,LR,schaefer100x7,triangle,rest_5min_and_tasks,each_task,rest_and_all_tasks,none,1,correlation,48,8,50,10,0.498819893745335,883,8210,161700,1,01-Apr-2026 07:06:58
146129,LR,schaefer100x7,triangle,rest_5min_and_tasks,each_task,rest_and_all_tasks,none,1,correlation,48,9,50,10,0.25496426111716,566,6475,161700,1,01-Apr-2026 07:07:11
145127,LR,schaefer100x7,triangle,rest_5min_and_tasks,each_task,rest_and_all_tasks,none,1,correlation,48,9,50,10,0.501955967580131,945,9188,161700,1,01-Apr-2026 07:08:09
146533,LR,schaefer100x7,triangle,rest_5min_and_tasks,each_task,rest_and_all_tasks,none,1,correlation,48,8,50,10,0.349711350618842,973,9288,161700,1,01-Apr-2026 07:08:32
147636,LR,schaefer100x7,triangle,rest_5min_and_tasks,each_task,rest_and_all_tasks,none,1,correlation,48,8,50,10,0.27773025012367,646,7187,161700,1,01-Apr-2026 07:09:49
146836,LR,schaefer100x7,triangle,rest_5min_and_tasks,each_task,rest_and_all_tasks,none,1,correlation,48,9,50,10,0.357468362622765,884,9247,161700,1,01-Apr-2026 07:10:06
147737,LR,schaefer100x7,triangle,rest_5min_and_tasks,each_task,rest_and_all_tasks,none,1,correlation,48,9,50,10,0.265495243729455,824,9567,161700,1,01-Apr-2026 07:10:52
149741,LR,schaefer100x7,triangle,rest_5min_and_tasks,each_task,rest_and_all_tasks,none,1,correlation,47,9,50,10,0.231629534297065,483,5271,161700,1,01-Apr-2026 07:13:17
148941,LR,schaefer100x7,triangle,rest_5min_and_tasks,each_task,rest_and_all_tasks,none,1,correlation,48,9,50,10,0.322206708151308,709,8061,161700,1,01-Apr-2026 07:13:18
148133,LR,schaefer100x7,triangle,rest_5min_and_tasks,each_task,rest_and_all_tasks,none,1,correlation,48,9,50,10,0.344884869434163,753,8017,161700,1,01-Apr-2026 07:13:54
148840,LR,schaefer100x7,triangle,rest_5min_and_tasks,each_task,rest_and_all_tasks,none,1,correlation,48,8,50,10,0.421962005372571,978,9460,161700,1,01-Apr-2026 07:14:03
149842,LR,schaefer100x7,triangle,rest_5min_and_tasks,each_task,rest_and_all_tasks,none,1,correlation,48,9,50,10,0.267664261122196,573,6220,161700,1,01-Apr-2026 07:14:05
149236,LR,schaefer100x7,triangle,rest_5min_and_tasks,each_task,rest_and_all_tasks,none,1,correlation,48,9,50,10,0.330318901457213,1029,10483,161700,1,01-Apr-2026 07:14:13
151728,LR,schaefer100x7,triangle,rest_5min_and_tasks,each_task,rest_and_all_tasks,none,1,correlation,44,8,50,10,0.0812050749760859,473,5142,161700,1,01-Apr-2026 07:14:30
150726,LR,schaefer100x7,triangle,rest_5min_and_tasks,each_task,rest_and_all_tasks,none,1,correlation,48,9,50,10,0.18747678966119,694,7367,161700,1,01-Apr-2026 07:14:56
151223,LR,schaefer100x7,triangle,rest_5min_and_tasks,each_task,rest_and_all_tasks,none,1,correlation,47,8,50,10,0.130280055295631,459,5109,161700,1,01-Apr-2026 07:15:39
153833,LR,schaefer100x7,triangle,rest_5min_and_tasks,each_task,rest_and_all_tasks,none,1,correlation,46,9,50,10,0.165271040853497,533,5874,161700,1,01-Apr-2026 07:15:54
151627,LR,schaefer100x7,triangle,rest_5min_and_tasks,each_task,rest_and_all_tasks,none,1,correlation,48,8,50,10,0.257815424979362,641,6774,161700,1,01-Apr-2026 07:16:20
152427,LR,schaefer100x7,triangle,rest_5min_and_tasks,each_task,rest_and_all_tasks,none,1,correlation,48,9,50,10,0.213684360629823,715,8027,161700,1,01-Apr-2026 07:16:23
151425,LR,schaefer100x7,triangle,rest_5min_and_tasks,each_task,rest_and_all_tasks,none,1,correlation,48,9,50,10,0.388746674915303,851,8351,161700,1,01-Apr-2026 07:17:55
150928,LR,schaefer100x7,triangle,rest_5min_and_tasks,each_task,rest_and_all_tasks,none,1,correlation,47,10,50,10,0.363551699978925,941,10056,161700,1,01-Apr-2026 07:18:37
151324,LR,schaefer100x7,triangle,rest_5min_and_tasks,each_task,rest_and_all_tasks,none,1,correlation,48,10,50,10,0.487443691941625,1013,9832,161700,1,01-Apr-2026 07:18:41
153227,LR,schaefer100x7,triangle,rest_5min_and_tasks,each_task,rest_and_all_tasks,none,1,correlation,48,9,50,10,0.270573251290283,598,6651,161700,1,01-Apr-2026 07:18:42
146937,LR,schaefer100x7,triangle,rest_5min_and_tasks,each_task,rest_and_all_tasks,none,1,correlation,48,9,50,10,0.69517938729609,1433,12813,161700,1,01-Apr-2026 07:19:30
154532,LR,schaefer100x7,triangle,rest_5min_and_tasks,each_task,rest_and_all_tasks,none,1,correlation,47,9,50,10,0.250816381819942,574,6381,161700,1,01-Apr-2026 07:19:43
151930,LR,schaefer100x7,triangle,rest_5min_and_tasks,each_task,rest_and_all_tasks,none,1,correlation,48,10,50,10,0.476171440734528,1412,13397,161700,1,01-Apr-2026 07:20:31
156233,LR,schaefer100x7,triangle,rest_5min_and_tasks,each_task,rest_and_all_tasks,none,1,correlation,45,8,50,10,0.163111574103722,317,3454,161700,1,01-Apr-2026 07:20:41
153126,LR,schaefer100x7,triangle,rest_5min_and_tasks,each_task,rest_and_all_tasks,none,1,correlation,48,10,50,10,0.439457691607436,900,9434,161700,1,01-Apr-2026 07:20:48
153934,LR,schaefer100x7,triangle,rest_5min_and_tasks,each_task,rest_and_all_tasks,none,1,correlation,48,9,50,10,0.478648560340045,1108,10647,161700,1,01-Apr-2026 07:20:53
154936,LR,schaefer100x7,triangle,rest_5min_and_tasks,each_task,rest_and_all_tasks,none,1,correlation,48,9,50,10,0.262450371757203,532,5806,161700,1,01-Apr-2026 07:21:41
154229,LR,schaefer100x7,triangle,rest_5min_and_tasks,each_task,rest_and_all_tasks,none,1,correlation,48,8,50,10,0.482126217828902,1037,9349,161700,1,01-Apr-2026 07:21:48
156031,LR,schaefer100x7,triangle,rest_5min_and_tasks,each_task,rest_and_all_tasks,none,1,correlation,48,9,50,10,0.37552312746518,906,9558,161700,1,01-Apr-2026 07:22:42
154835,LR,schaefer100x7,triangle,rest_5min_and_tasks,each_task,rest_and_all_tasks,none,1,correlation,48,9,50,10,0.474657088357453,1150,10849,161700,1,01-Apr-2026 07:23:45
154734,LR,schaefer100x7,triangle,rest_5min_and_tasks,each_task,rest_and_all_tasks,none,1,correlation,48,8,50,10,0.46004325587222,1069,9784,161700,1,01-Apr-2026 07:24:07
156536,LR,schaefer100x7,triangle,rest_5min_and_tasks,each_task,rest_and_all_tasks,none,1,correlation,48,9,50,10,0.294721152194332,815,8824,161700,1,01-Apr-2026 07:24:52
156637,LR,schaefer100x7,triangle,rest_5min_and_tasks,each_task,rest_and_all_tasks,none,1,correlation,46,9,50,10,0.208538447067415,485,5647,161700,1,01-Apr-2026 07:26:15
157437,LR,schaefer100x7,triangle,rest_5min_and_tasks,each_task,rest_and_all_tasks,none,1,correlation,47,9,50,10,0.183329531061994,565,6527,161700,1,01-Apr-2026 07:26:32
156334,LR,schaefer100x7,triangle,rest_5min_and_tasks,each_task,rest_and_all_tasks,none,1,correlation,48,9,50,10,0.312258979696475,1015,10969,161700,1,01-Apr-2026 07:27:02
159441,LR,schaefer100x7,triangle,rest_5min_and_tasks,each_task,rest_and_all_tasks,none,1,correlation,47,9,50,10,0.206111073044672,591,6629,161700,1,01-Apr-2026 07:29:06
156435,LR,schaefer100x7,triangle,rest_5min_and_tasks,each_task,rest_and_all_tasks,none,1,correlation,48,10,50,10,0.372910752758611,1323,12840,161700,1,01-Apr-2026 07:29:24
160729,LR,schaefer100x7,triangle,rest_5min_and_tasks,each_task,rest_and_all_tasks,none,1,correlation,48,8,50,10,0.235964902666364,912,9310,161700,1,01-Apr-2026 07:29:27
159744,LR,schaefer100x7,triangle,rest_5min_and_tasks,each_task,rest_and_all_tasks,none,1,correlation,48,10,50,10,0.317818902274951,744,7684,161700,1,01-Apr-2026 07:29:38
159239,LR,schaefer100x7,triangle,rest_5min_and_tasks,each_task,rest_and_all_tasks,none,1,correlation,48,8,50,10,0.498950440542682,1252,11589,161700,1,01-Apr-2026 07:29:40
159138,LR,schaefer100x7,triangle,rest_5min_and_tasks,each_task,rest_and_all_tasks,none,1,correlation,48,9,50,10,0.343296475792121,819,8273,161700,1,01-Apr-2026 07:29:42
159340,LR,schaefer100x7,triangle,rest_5min_and_tasks,each_task,rest_and_all_tasks,none,1,correlation,48,9,50,10,0.346812913010227,636,7121,161700,1,01-Apr-2026 07:29:44
157942,LR,schaefer100x7,triangle,rest_5min_and_tasks,each_task,rest_and_all_tasks,none,1,correlation,48,9,50,10,0.418491245470924,1006,9698,161700,1,01-Apr-2026 07:30:08
158136,LR,schaefer100x7,triangle,rest_5min_and_tasks,each_task,rest_and_all_tasks,none,1,correlation,48,9,50,10,0.364294943438889,896,9421,161700,1,01-Apr-2026 07:30:10
160830,LR,schaefer100x7,triangle,rest_5min_and_tasks,each_task,rest_and_all_tasks,none,1,correlation,46,9,50,10,0.389031263535169,670,7025,161700,1,01-Apr-2026 07:30:53
158843,LR,schaefer100x7,triangle,rest_5min_and_tasks,each_task,rest_and_all_tasks,none,1,correlation,48,9,50,10,0.530343641085785,1120,10263,161700,1,01-Apr-2026 07:31:41
163331,LR,schaefer100x7,triangle,rest_5min_and_tasks,each_task,rest_and_all_tasks,none,1,correlation,43,9,50,10,0.136390263429874,502,5476,161700,1,01-Apr-2026 07:31:42
161630,LR,schaefer100x7,triangle,rest_5min_and_tasks,each_task,rest_and_all_tasks,none,1,correlation,48,9,50,10,0.265314243090931,669,7555,161700,1,01-Apr-2026 07:31:46
164939,LR,schaefer100x7,triangle,rest_5min_and_tasks,each_task,rest_and_all_tasks,none,1,correlation,48,8,50,10,0.266115739159893,643,6981,161700,1,01-Apr-2026 07:33:37
162733,LR,schaefer100x7,triangle,rest_5min_and_tasks,each_task,rest_and_all_tasks,none,1,correlation,48,8,50,10,0.38573000361912,903,8657,161700,1,01-Apr-2026 07:33:39
162228,LR,schaefer100x7,triangle,rest_5min_and_tasks,each_task,rest_and_all_tasks,none,1,correlation,48,8,50,10,0.32311543000429,708,7370,161700,1,01-Apr-2026 07:33:55
164030,LR,schaefer100x7,triangle,rest_5min_and_tasks,each_task,rest_and_all_tasks,none,1,correlation,48,9,50,10,0.282611195225607,753,8099,161700,1,01-Apr-2026 07:33:57
163432,LR,schaefer100x7,triangle,rest_5min_and_tasks,each_task,rest_and_all_tasks,none,1,correlation,48,9,50,10,0.38670442142057,865,9151,161700,1,01-Apr-2026 07:34:02
164131,LR,schaefer100x7,triangle,rest_5min_and_tasks,each_task,rest_and_all_tasks,none,1,correlation,47,9,50,10,0.230702285511578,503,5477,161700,1,01-Apr-2026 07:34:39
168139,LR,schaefer100x7,triangle,rest_5min_and_tasks,each_task,rest_and_all_tasks,none,1,correlation,47,9,50,10,0.186041714261664,515,6104,161700,1,01-Apr-2026 07:36:13
164636,LR,schaefer100x7,triangle,rest_5min_and_tasks,each_task,rest_and_all_tasks,none,1,correlation,48,8,50,10,0.412837660987778,944,9147,161700,1,01-Apr-2026 07:36:26
167440,LR,schaefer100x7,triangle,rest_5min_and_tasks,each_task,rest_and_all_tasks,none,1,correlation,48,8,50,10,0.281077175346775,671,7119,161700,1,01-Apr-2026 07:36:50
167743,LR,schaefer100x7,triangle,rest_5min_and_tasks,each_task,rest_and_all_tasks,none,1,correlation,48,9,50,10,0.25675850611548,689,7495,161700,1,01-Apr-2026 07:36:53
167238,LR,schaefer100x7,triangle,rest_5min_and_tasks,each_task,rest_and_all_tasks,none,1,correlation,48,9,50,10,0.259584670733296,813,8889,161700,1,01-Apr-2026 07:37:47
169444,LR,schaefer100x7,triangle,rest_5min_and_tasks,each_task,rest_and_all_tasks,none,1,correlation,48,8,50,10,0.301861950940785,722,7464,161700,1,01-Apr-2026 07:39:11
167036,LR,schaefer100x7,triangle,rest_5min_and_tasks,each_task,rest_and_all_tasks,none,1,correlation,48,10,50,10,0.293038273736603,905,9858,161700,1,01-Apr-2026 07:39:27
168947,LR,schaefer100x7,triangle,rest_5min_and_tasks,each_task,rest_and_all_tasks,none,1,correlation,48,9,50,10,0.350271362872947,716,7736,161700,1,01-Apr-2026 07:39:32
168341,LR,schaefer100x7,triangle,rest_5min_and_tasks,each_task,rest_and_all_tasks,none,1,correlation,48,9,50,10,0.462345405825068,928,9559,161700,1,01-Apr-2026 07:39:36
171532,LR,schaefer100x7,triangle,rest_5min_and_tasks,each_task,rest_and_all_tasks,none,1,correlation,47,9,50,10,0.213664390080966,464,5047,161700,1,01-Apr-2026 07:40:05
168745,LR,schaefer100x7,triangle,rest_5min_and_tasks,each_task,rest_and_all_tasks,none,1,correlation,47,9,50,10,0.4720072693149,1017,9725,161700,1,01-Apr-2026 07:41:39
169949,LR,schaefer100x7,triangle,rest_5min_and_tasks,each_task,rest_and_all_tasks,none,1,correlation,48,9,50,10,0.382387404888205,914,9596,161700,1,01-Apr-2026 07:41:48
169545,LR,schaefer100x7,triangle,rest_5min_and_tasks,each_task,rest_and_all_tasks,none,1,correlation,48,9,50,10,0.54547901618383,1253,12555,161700,1,01-Apr-2026 07:43:24
173435,LR,schaefer100x7,triangle,rest_5min_and_tasks,each_task,rest_and_all_tasks,none,1,correlation,48,8,50,10,0.312143236860084,986,9678,161700,1,01-Apr-2026 07:44:36
173637,LR,schaefer100x7,triangle,rest_5min_and_tasks,each_task,rest_and_all_tasks,none,1,correlation,47,9,50,10,0.274318092257385,921,9511,161700,1,01-Apr-2026 07:44:39
172029,LR,schaefer100x7,triangle,rest_5min_and_tasks,each_task,rest_and_all_tasks,none,1,correlation,48,9,50,10,0.245737596502987,692,7817,161700,1,01-Apr-2026 07:45:03
172534,LR,schaefer100x7,triangle,rest_5min_and_tasks,each_task,rest_and_all_tasks,none,1,correlation,48,9,50,10,0.204274643611195,865,9356,161700,1,01-Apr-2026 07:45:22
173738,LR,schaefer100x7,triangle,rest_5min_and_tasks,each_task,rest_and_all_tasks,none,1,correlation,48,9,50,10,0.225259262678071,507,5476,161700,1,01-Apr-2026 07:46:43
173536,LR,schaefer100x7,triangle,rest_5min_and_tasks,each_task,rest_and_all_tasks,none,1,correlation,48,8,50,10,0.317995718454946,862,8686,161700,1,01-Apr-2026 07:47:08
172332,LR,schaefer100x7,triangle,rest_5min_and_tasks,each_task,rest_and_all_tasks,none,1,correlation,48,9,50,10,0.435789946579717,1170,11352,161700,1,01-Apr-2026 07:48:01
173940,LR,schaefer100x7,triangle,rest_5min_and_tasks,each_task,rest_and_all_tasks,none,1,correlation,48,8,50,10,0.429644832667489,1035,9711,161700,1,01-Apr-2026 07:48:39
174841,LR,schaefer100x7,triangle,rest_5min_and_tasks,each_task,rest_and_all_tasks,none,1,correlation,47,10,50,10,0.28483647613232,776,8194,161700,1,01-Apr-2026 07:48:47
175338,LR,schaefer100x7,triangle,rest_5min_and_tasks,each_task,rest_and_all_tasks,none,1,correlation,48,8,50,10,0.249361467079298,642,6656,161700,1,01-Apr-2026 07:49:20
180129,LR,schaefer100x7,triangle,rest_5min_and_tasks,each_task,rest_and_all_tasks,none,1,correlation,47,8,50,10,0.152915037852062,414,4580,161700,1,01-Apr-2026 07:50:19
176542,LR,schaefer100x7,triangle,rest_5min_and_tasks,each_task,rest_and_all_tasks,none,1,correlation,48,9,50,10,0.348027267776789,1130,11211,161700,1,01-Apr-2026 07:50:32
172433,LR,schaefer100x7,triangle,rest_5min_and_tasks,each_task,rest_and_all_tasks,none,1,correlation,48,9,50,10,0.553486555743651,1464,13041,161700,1,01-Apr-2026 07:50:43
172938,LR,schaefer100x7,triangle,rest_5min_and_tasks,each_task,rest_and_all_tasks,none,1,correlation,48,9,50,10,0.762277286732279,1410,11414,161700,1,01-Apr-2026 07:50:52
177241,LR,schaefer100x7,triangle,rest_5min_and_tasks,each_task,rest_and_all_tasks,none,1,correlation,48,8,50,10,0.480374916650135,1018,9623,161700,1,01-Apr-2026 07:51:27
178849,LR,schaefer100x7,triangle,rest_5min_and_tasks,each_task,rest_and_all_tasks,none,1,correlation,48,9,50,10,0.263598666731988,768,8138,161700,1,01-Apr-2026 07:51:36
180533,LR,schaefer100x7,triangle,rest_5min_and_tasks,each_task,rest_and_all_tasks,none,1,correlation,48,8,50,10,0.330998611684114,801,7897,161700,1,01-Apr-2026 07:52:19
178142,LR,schaefer100x7,triangle,rest_5min_and_tasks,each_task,rest_and_all_tasks,none,1,correlation,48,9,50,10,0.326193084163275,792,8209,161700,1,01-Apr-2026 07:52:32
175742,LR,schaefer100x7,triangle,rest_5min_and_tasks,each_task,rest_and_all_tasks,none,1,correlation,48,9,50,10,0.466949279822248,936,9491,161700,1,01-Apr-2026 07:53:13
178950,LR,schaefer100x7,triangle,rest_5min_and_tasks,each_task,rest_and_all_tasks,none,1,correlation,48,8,50,10,0.512809429924005,1058,9806,161700,1,01-Apr-2026 07:53:20
177645,LR,schaefer100x7,triangle,rest_5min_and_tasks,each_task,rest_and_all_tasks,none,1,correlation,48,9,50,10,0.402573643931881,762,7905,161700,1,01-Apr-2026 07:53:23
180432,LR,schaefer100x7,triangle,rest_5min_and_tasks,each_task,rest_and_all_tasks,none,1,correlation,48,9,50,10,0.354402512607709,798,8833,161700,1,01-Apr-2026 07:53:25
180230,LR,schaefer100x7,triangle,rest_5min_and_tasks,each_task,rest_and_all_tasks,none,1,correlation,48,8,50,10,0.413231663134487,1232,11212,161700,1,01-Apr-2026 07:54:22
180735,LR,schaefer100x7,triangle,rest_5min_and_tasks,each_task,rest_and_all_tasks,none,1,correlation,48,9,50,10,0.295226790105322,700,7586,161700,1,01-Apr-2026 07:54:23
179245,LR,schaefer100x7,triangle,rest_5min_and_tasks,each_task,rest_and_all_tasks,none,1,correlation,48,9,50,10,0.353278893872876,922,9672,161700,1,01-Apr-2026 07:54:58
181232,LR,schaefer100x7,triangle,rest_5min_and_tasks,each_task,rest_and_all_tasks,none,1,correlation,48,9,50,10,0.237951287815614,576,6422,161700,1,01-Apr-2026 07:56:15
180836,LR,schaefer100x7,triangle,rest_5min_and_tasks,each_task,rest_and_all_tasks,none,1,correlation,48,10,50,10,0.244188048406011,764,7837,161700,1,01-Apr-2026 07:57:06
185442,LR,schaefer100x7,triangle,rest_5min_and_tasks,each_task,rest_and_all_tasks,none,1,correlation,48,9,50,10,0.418679113072146,890,8627,161700,1,01-Apr-2026 07:57:27
182739,LR,schaefer100x7,triangle,rest_5min_and_tasks,each_task,rest_and_all_tasks,none,1,correlation,48,9,50,10,0.330238875827813,940,10110,161700,1,01-Apr-2026 07:57:38
185038,LR,schaefer100x7,triangle,rest_5min_and_tasks,each_task,rest_and_all_tasks,none,1,correlation,48,8,50,10,0.315466858386537,856,8399,161700,1,01-Apr-2026 07:59:06
186141,LR,schaefer100x7,triangle,rest_5min_and_tasks,each_task,rest_and_all_tasks,none,1,correlation,48,9,50,10,0.269392442782713,641,6869,161700,1,01-Apr-2026 07:59:17
186444,LR,schaefer100x7,triangle,rest_5min_and_tasks,each_task,rest_and_all_tasks,none,1,correlation,47,10,50,10,0.29115900849175,745,8012,161700,1,01-Apr-2026 07:59:27
186040,LR,schaefer100x7,triangle,rest_5min_and_tasks,each_task,rest_and_all_tasks,none,1,correlation,48,8,50,10,0.398771632343577,851,8063,161700,1,01-Apr-2026 07:59:39
185341,LR,schaefer100x7,triangle,rest_5min_and_tasks,each_task,rest_and_all_tasks,none,1,correlation,48,9,50,10,0.367677584561771,859,8904,161700,1,01-Apr-2026 07:59:57
189349,LR,schaefer100x7,triangle,rest_5min_and_tasks,each_task,rest_and_all_tasks,none,1,correlation,48,9,50,10,0.299582945281564,567,6231,161700,1,01-Apr-2026 08:01:01
187143,LR,schaefer100x7,triangle,rest_5min_and_tasks,each_task,rest_and_all_tasks,none,1,correlation,48,9,50,10,0.511400039547153,1121,10701,161700,1,01-Apr-2026 08:01:24
189450,LR,schaefer100x7,triangle,rest_5min_and_tasks,each_task,rest_and_all_tasks,none,1,correlation,47,8,50,10,0.183019261266816,788,8430,161700,1,01-Apr-2026 08:02:02
192035,LR,schaefer100x7,triangle,rest_5min_and_tasks,each_task,rest_and_all_tasks,none,1,correlation,48,9,50,10,0.416505925638583,945,9985,161700,1,01-Apr-2026 08:02:33
191033,LR,schaefer100x7,triangle,rest_5min_and_tasks,each_task,rest_and_all_tasks,none,1,correlation,48,9,50,10,0.416129334118228,1090,11664,161700,1,01-Apr-2026 08:03:29
190031,LR,schaefer100x7,triangle,rest_5min_and_tasks,each_task,rest_and_all_tasks,none,1,correlation,48,9,50,10,0.410898146702571,1067,10247,161700,1,01-Apr-2026 08:04:58
194746,LR,schaefer100x7,triangle,rest_5min_and_tasks,each_task,rest_and_all_tasks,none,1,correlation,48,9,50,10,0.283836807937746,713,7628,161700,1,01-Apr-2026 08:05:28
188145,LR,schaefer100x7,triangle,rest_5min_and_tasks,each_task,rest_and_all_tasks,none,1,correlation,48,9,50,10,0.491056580527062,925,9031,161700,1,01-Apr-2026 08:06:02
195041,LR,schaefer100x7,triangle,rest_5min_and_tasks,each_task,rest_and_all_tasks,none,1,correlation,48,9,50,10,0.48265920178763,1009,10538,161700,1,01-Apr-2026 08:06:19
196144,LR,schaefer100x7,triangle,rest_5min_and_tasks,each_task,rest_and_all_tasks,none,1,correlation,48,9,50,10,0.385121876907559,776,8415,161700,1,01-Apr-2026 08:06:30
198249,LR,schaefer100x7,triangle,rest_5min_and_tasks,each_task,rest_and_all_tasks,none,1,correlation,46,9,50,10,0.258642120821129,395,4218,161700,1,01-Apr-2026 08:06:36
192641,LR,schaefer100x7,triangle,rest_5min_and_tasks,each_task,rest_and_all_tasks,none,1,correlation,48,8,50,10,0.391183296836227,1010,9885,161700,1,01-Apr-2026 08:07:26
196750,LR,schaefer100x7,triangle,rest_5min_and_tasks,each_task,rest_and_all_tasks,none,1,correlation,47,9,50,10,0.160955723836889,470,5261,161700,1,01-Apr-2026 08:08:07
197550,LR,schaefer100x7,triangle,rest_5min_and_tasks,each_task,rest_and_all_tasks,none,1,correlation,48,10,50,10,0.445949924103048,982,10123,161700,1,01-Apr-2026 08:09:47
198855,LR,schaefer100x7,triangle,rest_5min_and_tasks,each_task,rest_and_all_tasks,none,1,correlation,48,9,50,10,0.396222271365023,868,8981,161700,1,01-Apr-2026 08:11:13
199352,LR,schaefer100x7,triangle,rest_5min_and_tasks,each_task,rest_and_all_tasks,none,1,correlation,48,9,50,10,0.365207377229516,995,10180,161700,1,01-Apr-2026 08:11:38
196346,LR,schaefer100x7,triangle,rest_5min_and_tasks,each_task,rest_and_all_tasks,none,1,correlation,48,9,50,10,0.407054472995974,1157,11403,161700,1,01-Apr-2026 08:12:39
198451,LR,schaefer100x7,triangle,rest_5min_and_tasks,each_task,rest_and_all_tasks,none,1,correlation,48,9,50,10,0.514831753844578,1211,12663,161700,1,01-Apr-2026 08:13:04
200513,LR,schaefer100x7,triangle,rest_5min_and_tasks,each_task,rest_and_all_tasks,none,1,correlation,48,9,50,10,0.285044163716146,657,7249,161700,1,01-Apr-2026 08:13:14
199958,LR,schaefer100x7,triangle,rest_5min_and_tasks,each_task,rest_and_all_tasks,none,1,correlation,48,8,50,10,0.291071440799639,831,8689,161700,1,01-Apr-2026 08:13:25
199655,LR,schaefer100x7,triangle,rest_5min_and_tasks,each_task,rest_and_all_tasks,none,1,correlation,48,9,50,10,0.599558034084253,1038,9872,161700,1,01-Apr-2026 08:13:27
192136,LR,schaefer100x7,triangle,rest_5min_and_tasks,each_task,rest_and_all_tasks,none,1,correlation,48,9,50,10,0.568735298045372,1274,11417,161700,1,01-Apr-2026 08:13:32
201414,LR,schaefer100x7,triangle,rest_5min_and_tasks,each_task,rest_and_all_tasks,none,1,correlation,48,9,50,10,0.237880011779083,487,5604,161700,1,01-Apr-2026 08:15:18
202113,LR,schaefer100x7,triangle,rest_5min_and_tasks,each_task,rest_and_all_tasks,none,1,correlation,48,9,50,10,0.226441362869922,729,8190,161700,1,01-Apr-2026 08:15:23
200917,LR,schaefer100x7,triangle,rest_5min_and_tasks,each_task,rest_and_all_tasks,none,1,correlation,47,10,50,10,0.340826327653522,926,9749,161700,1,01-Apr-2026 08:15:33
204016,LR,schaefer100x7,triangle,rest_5min_and_tasks,each_task,rest_and_all_tasks,none,1,correlation,48,9,50,10,0.294064154177296,1051,11200,161700,1,01-Apr-2026 08:15:55
204420,LR,schaefer100x7,triangle,rest_5min_and_tasks,each_task,rest_and_all_tasks,none,1,correlation,48,8,50,10,0.258868268522462,406,4453,161700,1,01-Apr-2026 08:17:10
201818,LR,schaefer100x7,triangle,rest_5min_and_tasks,each_task,rest_and_all_tasks,none,1,correlation,48,9,50,10,0.416112610320441,1166,11619,161700,1,01-Apr-2026 08:18:19
206727,LR,schaefer100x7,triangle,rest_5min_and_tasks,each_task,rest_and_all_tasks,none,1,correlation,46,9,50,10,0.308751319893638,677,7245,161700,1,01-Apr-2026 08:19:19
205119,LR,schaefer100x7,triangle,rest_5min_and_tasks,each_task,rest_and_all_tasks,none,1,correlation,47,8,50,10,0.209696283688113,421,4611,161700,1,01-Apr-2026 08:19:22
206323,LR,schaefer100x7,triangle,rest_5min_and_tasks,each_task,rest_and_all_tasks,none,1,correlation,47,9,50,10,0.216290775365449,691,7632,161700,1,01-Apr-2026 08:19:58
211114,LR,schaefer100x7,triangle,rest_5min_and_tasks,each_task,rest_and_all_tasks,none,1,correlation,47,8,50,10,0.167698674655837,424,4812,161700,1,01-Apr-2026 08:21:41
212217,LR,schaefer100x7,triangle,rest_5min_and_tasks,each_task,rest_and_all_tasks,none,1,correlation,46,9,50,10,0.246655455123353,780,8751,161700,1,01-Apr-2026 08:22:09
208226,LR,schaefer100x7,triangle,rest_5min_and_tasks,each_task,rest_and_all_tasks,none,1,correlation,47,9,50,10,0.383597001688188,770,7907,161700,1,01-Apr-2026 08:22:15
204218,LR,schaefer100x7,triangle,rest_5min_and_tasks,each_task,rest_and_all_tasks,none,1,correlation,48,10,50,10,0.332389748889644,1284,12783,161700,1,01-Apr-2026 08:23:16
208125,LR,schaefer100x7,triangle,rest_5min_and_tasks,each_task,rest_and_all_tasks,none,1,correlation,48,9,50,10,0.319861562353917,821,8927,161700,1,01-Apr-2026 08:23:35
209329,LR,schaefer100x7,triangle,rest_5min_and_tasks,each_task,rest_and_all_tasks,none,1,correlation,48,9,50,10,0.39349467159549,1019,10080,161700,1,01-Apr-2026 08:23:40
212318,LR,schaefer100x7,triangle,rest_5min_and_tasks,each_task,rest_and_all_tasks,none,1,correlation,47,8,50,10,0.389472883637006,712,6846,161700,1,01-Apr-2026 08:24:25
210011,LR,schaefer100x7,triangle,rest_5min_and_tasks,each_task,rest_and_all_tasks,none,1,correlation,48,10,50,10,0.345918811739922,938,9694,161700,1,01-Apr-2026 08:24:45
208327,LR,schaefer100x7,triangle,rest_5min_and_tasks,each_task,rest_and_all_tasks,none,1,correlation,48,9,50,10,0.402834096082258,1367,12941,161700,1,01-Apr-2026 08:25:20
210112,LR,schaefer100x7,triangle,rest_5min_and_tasks,each_task,rest_and_all_tasks,none,1,correlation,48,8,50,10,0.433982500435457,969,9729,161700,1,01-Apr-2026 08:25:30
213017,LR,schaefer100x7,triangle,rest_5min_and_tasks,each_task,rest_and_all_tasks,none,1,correlation,48,8,50,10,0.404073239039318,858,9036,161700,1,01-Apr-2026 08:25:45
213421,LR,schaefer100x7,triangle,rest_5min_and_tasks,each_task,rest_and_all_tasks,none,1,correlation,48,9,50,10,0.308616154592518,791,8277,161700,1,01-Apr-2026 08:25:55
213522,LR,schaefer100x7,triangle,rest_5min_and_tasks,each_task,rest_and_all_tasks,none,1,correlation,48,9,50,10,0.335632912558992,767,7974,161700,1,01-Apr-2026 08:26:12
200614,LR,schaefer100x7,triangle,rest_5min_and_tasks,each_task,rest_and_all_tasks,none,1,correlation,48,10,50,10,0.757301692827614,1518,12902,161700,1,01-Apr-2026 08:26:15
214221,LR,schaefer100x7,triangle,rest_5min_and_tasks,each_task,rest_and_all_tasks,none,1,correlation,48,9,50,10,0.429553523391661,955,9553,161700,1,01-Apr-2026 08:27:52
219231,LR,schaefer100x7,triangle,rest_5min_and_tasks,each_task,rest_and_all_tasks,none,1,correlation,48,9,50,10,0.32659179334974,773,8353,161700,1,01-Apr-2026 08:28:58
214423,LR,schaefer100x7,triangle,rest_5min_and_tasks,each_task,rest_and_all_tasks,none,1,correlation,48,8,50,10,0.396733642051674,942,9279,161700,1,01-Apr-2026 08:30:19
227432,LR,schaefer100x7,triangle,rest_5min_and_tasks,each_task,rest_and_all_tasks,none,1,correlation,48,9,50,10,0.323555312170839,647,7080,161700,1,01-Apr-2026 08:31:59
220721,LR,schaefer100x7,triangle,rest_5min_and_tasks,each_task,rest_and_all_tasks,none,1,correlation,48,8,50,10,0.485233554974845,871,8312,161700,1,01-Apr-2026 08:32:32
221319,LR,schaefer100x7,triangle,rest_5min_and_tasks,each_task,rest_and_all_tasks,none,1,correlation,47,9,50,10,0.307235757767215,722,7452,161700,1,01-Apr-2026 08:32:41
295146,LR,schaefer100x7,triangle,rest_5min_and_tasks,each_task,rest_and_all_tasks,none,1,correlation,42,9,50,10,0.161291806115246,340,3630,161700,1,01-Apr-2026 08:32:44
263436,LR,schaefer100x7,triangle,rest_5min_and_tasks,each_task,rest_and_all_tasks,none,1,correlation,48,8,50,10,0.206906865054151,512,5857,161700,1,01-Apr-2026 08:32:54
257946,LR,schaefer100x7,triangle,rest_5min_and_tasks,each_task,rest_and_all_tasks,none,1,correlation,48,9,50,10,0.317663603500339,816,8709,161700,1,01-Apr-2026 08:33:53
275645,LR,schaefer100x7,triangle,rest_5min_and_tasks,each_task,rest_and_all_tasks,none,1,correlation,48,9,50,10,0.327788761978601,785,8256,161700,1,01-Apr-2026 08:34:35
274542,LR,schaefer100x7,triangle,rest_5min_and_tasks,each_task,rest_and_all_tasks,none,1,correlation,48,9,50,10,0.270326159402318,935,10160,161700,1,01-Apr-2026 08:35:02
268749,LR,schaefer100x7,triangle,rest_5min_and_tasks,each_task,rest_and_all_tasks,none,1,correlation,48,9,50,10,0.402451984482962,1254,12192,161700,1,01-Apr-2026 08:35:26
285446,LR,schaefer100x7,triangle,rest_5min_and_tasks,each_task,rest_and_all_tasks,none,1,correlation,48,9,50,10,0.37375333704204,712,7694,161700,1,01-Apr-2026 08:35:53
286650,LR,schaefer100x7,triangle,rest_5min_and_tasks,each_task,rest_and_all_tasks,none,1,correlation,48,8,50,10,0.429101432676557,902,8726,161700,1,01-Apr-2026 08:36:09
287248,LR,schaefer100x7,triangle,rest_5min_and_tasks,each_task,rest_and_all_tasks,none,1,correlation,48,9,50,10,0.492628187304595,907,9162,161700,1,01-Apr-2026 08:37:17
298051,LR,schaefer100x7,triangle,rest_5min_and_tasks,each_task,rest_and_all_tasks,none,1,correlation,47,9,50,10,0.290741950664902,597,6366,161700,1,01-Apr-2026 08:37:24
239944,LR,schaefer100x7,triangle,rest_5min_and_tasks,each_task,rest_and_all_tasks,none,1,correlation,48,8,50,10,0.457963926605612,1298,11568,161700,1,01-Apr-2026 08:37:49
286347,LR,schaefer100x7,triangle,rest_5min_and_tasks,each_task,rest_and_all_tasks,none,1,correlation,48,9,50,10,0.450596986386779,1310,12378,161700,1,01-Apr-2026 08:39:09
281135,LR,schaefer100x7,triangle,rest_5min_and_tasks,each_task,rest_and_all_tasks,none,1,correlation,48,10,50,10,0.316334504431549,1085,11419,161700,1,01-Apr-2026 08:39:12
308331,LR,schaefer100x7,triangle,rest_5min_and_tasks,each_task,rest_and_all_tasks,none,1,correlation,48,9,50,10,0.216316124063571,471,5175,161700,1,01-Apr-2026 08:39:33
299760,LR,schaefer100x7,triangle,rest_5min_and_tasks,each_task,rest_and_all_tasks,none,1,correlation,48,8,50,10,0.231907784683529,672,7290,161700,1,01-Apr-2026 08:39:43
303119,LR,schaefer100x7,triangle,rest_5min_and_tasks,each_task,rest_and_all_tasks,none,1,correlation,48,8,50,10,0.280588608747515,579,6369,161700,1,01-Apr-2026 08:40:07
314225,LR,schaefer100x7,triangle,rest_5min_and_tasks,each_task,rest_and_all_tasks,none,1,correlation,48,8,50,10,0.333795380602808,518,5556,161700,1,01-Apr-2026 08:41:31
316633,LR,schaefer100x7,triangle,rest_5min_and_tasks,each_task,rest_and_all_tasks,none,1,correlation,48,9,50,10,0.31665151150568,799,8430,161700,1,01-Apr-2026 08:42:39
309636,LR,schaefer100x7,triangle,rest_5min_and_tasks,each_task,rest_and_all_tasks,none,1,correlation,48,8,50,10,0.440506804945301,1039,9552,161700,1,01-Apr-2026 08:42:53
321323,LR,schaefer100x7,triangle,rest_5min_and_tasks,each_task,rest_and_all_tasks,none,1,correlation,48,9,50,10,0.244528237634222,957,10461,161700,1,01-Apr-2026 08:43:23
318637,LR,schaefer100x7,triangle,rest_5min_and_tasks,each_task,rest_and_all_tasks,none,1,correlation,48,9,50,10,0.272249130744436,563,6291,161700,1,01-Apr-2026 08:43:56
310621,LR,schaefer100x7,triangle,rest_5min_and_tasks,each_task,rest_and_all_tasks,none,1,correlation,48,8,50,10,0.451595970354702,941,8870,161700,1,01-Apr-2026 08:44:26
329844,LR,schaefer100x7,triangle,rest_5min_and_tasks,each_task,rest_and_all_tasks,none,1,correlation,48,9,50,10,0.398856040256883,836,8874,161700,1,01-Apr-2026 08:44:52
361941,LR,schaefer100x7,triangle,rest_5min_and_tasks,each_task,rest_and_all_tasks,none,1,correlation,48,8,50,10,0.259968725643562,573,6385,161700,1,01-Apr-2026 08:45:53
361234,LR,schaefer100x7,triangle,rest_5min_and_tasks,each_task,rest_and_all_tasks,none,1,correlation,48,8,50,10,0.26713488983036,674,7356,161700,1,01-Apr-2026 08:46:00
348545,LR,schaefer100x7,triangle,rest_5min_and_tasks,each_task,rest_and_all_tasks,none,1,correlation,48,9,50,10,0.410650823777696,805,8302,161700,1,01-Apr-2026 08:46:08
349244,LR,schaefer100x7,triangle,rest_5min_and_tasks,each_task,rest_and_all_tasks,none,1,correlation,48,9,50,10,0.379457533172847,751,8084,161700,1,01-Apr-2026 08:46:35
350330,LR,schaefer100x7,triangle,rest_5min_and_tasks,each_task,rest_and_all_tasks,none,1,correlation,48,8,50,10,0.421697354426882,1140,11004,161700,1,01-Apr-2026 08:46:42
358144,LR,schaefer100x7,triangle,rest_5min_and_tasks,each_task,rest_and_all_tasks,none,1,correlation,48,9,50,10,0.387583765991648,864,9085,161700,1,01-Apr-2026 08:47:32
368753,LR,schaefer100x7,triangle,rest_5min_and_tasks,each_task,rest_and_all_tasks,none,1,correlation,48,9,50,10,0.383248746604184,699,7240,161700,1,01-Apr-2026 08:48:16
381543,LR,schaefer100x7,triangle,rest_5min_and_tasks,each_task,rest_and_all_tasks,none,1,correlation,48,8,50,10,0.352670534642691,981,9485,161700,1,01-Apr-2026 08:49:20
385046,LR,schaefer100x7,triangle,rest_5min_and_tasks,each_task,rest_and_all_tasks,none,1,correlation,48,9,50,10,0.297447119768815,853,9149,161700,1,01-Apr-2026 08:50:17
453542,LR,schaefer100x7,triangle,rest_5min_and_tasks,each_task,rest_and_all_tasks,none,1,correlation,40,8,50,10,0.0790563940660952,438,4812,161700,1,01-Apr-2026 08:50:34
387959,LR,schaefer100x7,triangle,rest_5min_and_tasks,each_task,rest_and_all_tasks,none,1,correlation,47,9,50,10,0.208836315378008,375,4247,161700,1,01-Apr-2026 08:50:43
419239,LR,schaefer100x7,triangle,rest_5min_and_tasks,each_task,rest_and_all_tasks,none,1,correlation,46,9,50,10,0.190335613049555,658,7627,161700,1,01-Apr-2026 08:51:09
391748,LR,schaefer100x7,triangle,rest_5min_and_tasks,each_task,rest_and_all_tasks,none,1,correlation,48,9,50,10,0.390745280569244,978,9905,161700,1,01-Apr-2026 08:53:24
422632,LR,schaefer100x7,triangle,rest_5min_and_tasks,each_task,rest_and_all_tasks,none,1,correlation,48,9,50,10,0.314960183931381,639,6851,161700,1,01-Apr-2026 08:54:03
459453,LR,schaefer100x7,triangle,rest_5min_and_tasks,each_task,rest_and_all_tasks,none,1,correlation,48,9,50,10,0.425434528639899,1065,10083,161700,1,01-Apr-2026 08:54:59
378756,LR,schaefer100x7,triangle,rest_5min_and_tasks,each_task,rest_and_all_tasks,none,1,correlation,48,9,50,10,0.619475261953077,1272,11443,161700,1,01-Apr-2026 08:55:15
465852,LR,schaefer100x7,triangle,rest_5min_and_tasks,each_task,rest_and_all_tasks,none,1,correlation,48,9,50,10,0.154125059803777,483,5534,161700,1,01-Apr-2026 08:55:34
414229,LR,schaefer100x7,triangle,rest_5min_and_tasks,each_task,rest_and_all_tasks,none,1,correlation,48,10,50,10,0.443301478137263,903,10015,161700,1,01-Apr-2026 08:56:07
395756,LR,schaefer100x7,triangle,rest_5min_and_tasks,each_task,rest_and_all_tasks,none,1,correlation,48,9,50,10,0.421060649570816,895,9164,161700,1,01-Apr-2026 08:56:09
468050,LR,schaefer100x7,triangle,rest_5min_and_tasks,each_task,rest_and_all_tasks,none,1,correlation,47,10,50,10,0.211007124736633,654,7444,161700,1,01-Apr-2026 08:56:19
480141,LR,schaefer100x7,triangle,rest_5min_and_tasks,each_task,rest_and_all_tasks,none,1,correlation,48,8,50,10,0.335976776915198,741,7697,161700,1,01-Apr-2026 08:56:53
499566,LR,schaefer100x7,triangle,rest_5min_and_tasks,each_task,rest_and_all_tasks,none,1,correlation,48,9,50,10,0.359438204558595,970,9924,161700,1,01-Apr-2026 08:58:09
552241,LR,schaefer100x7,triangle,rest_5min_and_tasks,each_task,rest_and_all_tasks,none,1,correlation,47,9,50,10,0.313878192430075,727,7671,161700,1,01-Apr-2026 08:58:11
516742,LR,schaefer100x7,triangle,rest_5min_and_tasks,each_task,rest_and_all_tasks,none,1,correlation,47,9,50,10,0.19346481703226,503,5441,161700,1,01-Apr-2026 08:58:12
510225,LR,schaefer100x7,triangle,rest_5min_and_tasks,each_task,rest_and_all_tasks,none,1,correlation,48,9,50,10,0.27558684184353,726,7769,161700,1,01-Apr-2026 08:58:17
461743,LR,schaefer100x7,triangle,rest_5min_and_tasks,each_task,rest_and_all_tasks,none,1,correlation,48,9,50,10,0.491580173460982,1049,9611,161700,1,01-Apr-2026 08:58:21
529953,LR,schaefer100x7,triangle,rest_5min_and_tasks,each_task,rest_and_all_tasks,none,1,correlation,48,9,50,10,0.273602779416937,580,6274,161700,1,01-Apr-2026 08:58:35
552544,LR,schaefer100x7,triangle,rest_5min_and_tasks,each_task,rest_and_all_tasks,none,1,correlation,48,9,50,10,0.303256921564467,725,7760,161700,1,01-Apr-2026 08:58:36
529549,LR,schaefer100x7,triangle,rest_5min_and_tasks,each_task,rest_and_all_tasks,none,1,correlation,48,9,50,10,0.328922094693043,840,9219,161700,1,01-Apr-2026 08:59:16
518746,LR,schaefer100x7,triangle,rest_5min_and_tasks,each_task,rest_and_all_tasks,none,1,correlation,48,9,50,10,0.458915532142252,979,9842,161700,1,01-Apr-2026 08:59:55
397760,LR,schaefer100x7,triangle,rest_5min_and_tasks,each_task,rest_and_all_tasks,none,1,correlation,48,8,50,10,0.700350547162452,1395,11499,161700,1,01-Apr-2026 09:00:19
555651,LR,schaefer100x7,triangle,rest_5min_and_tasks,each_task,rest_and_all_tasks,none,1,correlation,48,9,50,10,0.381180336368915,1029,10469,161700,1,01-Apr-2026 09:02:16
553344,LR,schaefer100x7,triangle,rest_5min_and_tasks,each_task,rest_and_all_tasks,none,1,correlation,48,8,50,10,0.506983221172022,1318,11500,161700,1,01-Apr-2026 09:02:20
561444,LR,schaefer100x7,triangle,rest_5min_and_tasks,each_task,rest_and_all_tasks,none,1,correlation,48,8,50,10,0.308373667763508,833,8781,161700,1,01-Apr-2026 09:03:12
555954,LR,schaefer100x7,triangle,rest_5min_and_tasks,each_task,rest_and_all_tasks,none,1,correlation,48,10,50,10,0.44528337817006,990,9927,161700,1,01-Apr-2026 09:03:19
561949,LR,schaefer100x7,triangle,rest_5min_and_tasks,each_task,rest_and_all_tasks,none,1,correlation,48,8,50,10,0.26719350907648,741,7889,161700,1,01-Apr-2026 09:03:32
576255,LR,schaefer100x7,triangle,rest_5min_and_tasks,each_task,rest_and_all_tasks,none,1,correlation,47,9,50,10,0.404175415176822,588,6445,161700,1,01-Apr-2026 09:04:09
567759,LR,schaefer100x7,triangle,rest_5min_and_tasks,each_task,rest_and_all_tasks,none,1,correlation,48,8,50,10,0.279361551559505,595,6246,161700,1,01-Apr-2026 09:04:28
579665,LR,schaefer100x7,triangle,rest_5min_and_tasks,each_task,rest_and_all_tasks,none,1,correlation,48,9,50,10,0.34169133643566,534,6065,161700,1,01-Apr-2026 09:04:37
589567,LR,schaefer100x7,triangle,rest_5min_and_tasks,each_task,rest_and_all_tasks,none,1,correlation,48,8,50,10,0.223737322084681,686,7348,161700,1,01-Apr-2026 09:05:20
580751,LR,schaefer100x7,triangle,rest_5min_and_tasks,each_task,rest_and_all_tasks,none,1,correlation,48,9,50,10,0.325860636094217,916,9986,161700,1,01-Apr-2026 09:07:07
622236,LR,schaefer100x7,triangle,rest_5min_and_tasks,each_task,rest_and_all_tasks,none,1,correlation,48,8,50,10,0.3017523752261,892,9157,161700,1,01-Apr-2026 09:08:55
599671,LR,schaefer100x7,triangle,rest_5min_and_tasks,each_task,rest_and_all_tasks,none,1,correlation,47,10,50,10,0.330607484760437,836,8787,161700,1,01-Apr-2026 09:08:56
592455,LR,schaefer100x7,triangle,rest_5min_and_tasks,each_task,rest_and_all_tasks,none,1,correlation,48,9,50,10,0.287093956756326,706,8092,161700,1,01-Apr-2026 09:09:26
618952,LR,schaefer100x7,triangle,rest_5min_and_tasks,each_task,rest_and_all_tasks,none,1,correlation,48,9,50,10,0.247029054343563,786,8511,161700,1,01-Apr-2026 09:09:31
680250,LR,schaefer100x7,triangle,rest_5min_and_tasks,each_task,rest_and_all_tasks,none,1,correlation,48,9,50,10,0.31427587685573,709,7607,161700,1,01-Apr-2026 09:09:53
672756,LR,schaefer100x7,triangle,rest_5min_and_tasks,each_task,rest_and_all_tasks,none,1,correlation,48,8,50,10,0.2251710697424,749,7758,161700,1,01-Apr-2026 09:09:57
656253,LR,schaefer100x7,triangle,rest_5min_and_tasks,each_task,rest_and_all_tasks,none,1,correlation,48,9,50,10,0.273520165478528,751,8032,161700,1,01-Apr-2026 09:10:42
680452,LR,schaefer100x7,triangle,rest_5min_and_tasks,each_task,rest_and_all_tasks,none,1,correlation,48,9,50,10,0.28587032208298,644,6923,161700,1,01-Apr-2026 09:11:24
679568,LR,schaefer100x7,triangle,rest_5min_and_tasks,each_task,rest_and_all_tasks,none,1,correlation,48,9,50,10,0.380961832527685,961,10173,161700,1,01-Apr-2026 09:12:20
571144,LR,schaefer100x7,triangle,rest_5min_and_tasks,each_task,rest_and_all_tasks,none,1,correlation,48,9,50,10,0.694246278388166,1319,11219,161700,1,01-Apr-2026 09:12:22
756055,LR,schaefer100x7,triangle,rest_5min_and_tasks,each_task,rest_and_all_tasks,none,1,correlation,46,8,50,10,0.199716247617155,461,5047,161700,1,01-Apr-2026 09:12:55
727553,LR,schaefer100x7,triangle,rest_5min_and_tasks,each_task,rest_and_all_tasks,none,1,correlation,48,8,50,10,0.279542764426335,536,5514,161700,1,01-Apr-2026 09:13:55
835657,LR,schaefer100x7,triangle,rest_5min_and_tasks,each_task,rest_and_all_tasks,none,1,correlation,48,8,50,10,0.247767523443721,773,8565,161700,1,01-Apr-2026 09:14:20
865363,LR,schaefer100x7,triangle,rest_5min_and_tasks,each_task,rest_and_all_tasks,none,1,correlation,48,9,50,10,0.320803897986406,611,6365,161700,1,01-Apr-2026 09:14:20
692964,LR,schaefer100x7,triangle,rest_5min_and_tasks,each_task,rest_and_all_tasks,none,1,correlation,47,9,50,10,0.569633377293824,1153,10140,161700,1,01-Apr-2026 09:15:02
757764,LR,schaefer100x7,triangle,rest_5min_and_tasks,each_task,rest_and_all_tasks,none,1,correlation,48,10,50,10,0.375154354689701,874,9024,161700,1,01-Apr-2026 09:15:03
749361,LR,schaefer100x7,triangle,rest_5min_and_tasks,each_task,rest_and_all_tasks,none,1,correlation,47,9,50,10,0.328029650870198,746,8110,161700,1,01-Apr-2026 09:15:08
725751,LR,schaefer100x7,triangle,rest_5min_and_tasks,each_task,rest_and_all_tasks,none,1,correlation,48,8,50,10,0.346496690794659,894,8665,161700,1,01-Apr-2026 09:15:14
675661,LR,schaefer100x7,triangle,rest_5min_and_tasks,each_task,rest_and_all_tasks,none,1,correlation,48,9,50,10,0.605723355591584,1339,12311,161700,1,01-Apr-2026 09:15:36
837560,LR,schaefer100x7,triangle,rest_5min_and_tasks,each_task,rest_and_all_tasks,none,1,correlation,48,8,50,10,0.618400289200891,1316,11261,161700,1,01-Apr-2026 09:16:38
947668,LR,schaefer100x7,triangle,rest_5min_and_tasks,each_task,rest_and_all_tasks,none,1,correlation,46,9,50,10,0.201976815166466,460,5194,161700,1,01-Apr-2026 09:16:53
877269,LR,schaefer100x7,triangle,rest_5min_and_tasks,each_task,rest_and_all_tasks,none,1,correlation,48,10,50,10,0.271953002676916,638,7069,161700,1,01-Apr-2026 09:17:15
955465,LR,schaefer100x7,triangle,rest_5min_and_tasks,each_task,rest_and_all_tasks,none,1,correlation,48,8,50,10,0.382589239251462,799,8197,161700,1,01-Apr-2026 09:18:41
894067,LR,schaefer100x7,triangle,rest_5min_and_tasks,each_task,rest_and_all_tasks,none,1,correlation,48,9,50,10,0.351812068202707,954,10287,161700,1,01-Apr-2026 09:19:00
943862,LR,schaefer100x7,triangle,rest_5min_and_tasks,each_task,rest_and_all_tasks,none,1,correlation,48,9,50,10,0.508247393373699,1399,12458,161700,1,01-Apr-2026 09:20:44
